EGID;EDID;GDEKT;GDENR;GDENAME;STRNAME;DEINR;PLZ4;PLZZ;PLZNAME;GKODE;GKODN;STRSP
314977;0;ZG;1705;Neuheim;Hinterburgstrasse;1;6345;0;Neuheim;2685989.746;1228273.463;de
314979;0;ZG;1705;Neuheim;Hinterburgstrasse;3;6345;0;Neuheim;2685976.82;1228252.786;de
314980;0;ZG;1705;Neuheim;Hinterburgstrasse;4;6345;0;Neuheim;2685948.145;1228262.904;de
314981;0;ZG;1705;Neuheim;Hinterburgstrasse;5;6345;0;Neuheim;2685961.871;1228218.408;de
314983;0;ZG;1705;Neuheim;Hinterburgstrasse;21;6345;0;Neuheim;2685782.201;1228004.534;de
314984;0;ZG;1705;Neuheim;Hinterburgstrasse;25;6345;0;Neuheim;2685799.324;1227973.613;de
314985;0;ZG;1705;Neuheim;Hinterburgstrasse;27;6345;0;Neuheim;2685793.929;1227930.519;de
314986;0;ZG;1705;Neuheim;Hinterburgstrasse;32;6345;0;Neuheim;2685733.991;1228016.688;de
314987;0;ZG;1705;Neuheim;Hinterburgstrasse;44;6345;0;Neuheim;2685842.19;1227843.69;de
314989;0;ZG;1705;Neuheim;Sonnenweg;4;6345;0;Neuheim;2685899.393;1228322.287;de
314990;0;ZG;1705;Neuheim;Neuhofstrasse;7;6345;0;Neuheim;2686053.517;1228613.356;de
314992;0;ZG;1705;Neuheim;Hinterburg;1;6345;0;Neuheim;2685729.146;1228045.808;de
314993;0;ZG;1705;Neuheim;Hinterburg;2;6345;0;Neuheim;2685656.77;1228119.555;de
314994;0;ZG;1705;Neuheim;Kreuzrainweg;1;6345;0;Neuheim;2685888.499;1228363.27;de
314995;0;ZG;1705;Neuheim;Hafnerhof;1;6345;0;Neuheim;2685833.65;1227898.91;de
314996;0;ZG;1705;Neuheim;Baarburgstrasse;10;6345;0;Neuheim;2685106.388;1228638.202;de
314997;0;ZG;1705;Neuheim;Baarerstrasse;2;6345;0;Neuheim;2685217.357;1228610.807;de
314998;0;ZG;1705;Neuheim;Baarerstrasse;3a;6345;0;Neuheim;2685333.838;1228395.204;de
314999;0;ZG;1705;Neuheim;Baarerstrasse;4;6345;0;Neuheim;2685162.242;1228707.675;de
315000;0;ZG;1705;Neuheim;Baarburgstrasse;30;6345;0;Neuheim;2685262.816;1228082.532;de
315002;0;ZG;1705;Neuheim;Baarburgstrasse;20;6345;0;Neuheim;2685149.11;1228450.96;de
315003;0;ZG;1705;Neuheim;Baarerstrasse;1;6345;0;Neuheim;2685415.497;1228297.568;de
315004;0;ZG;1705;Neuheim;Baarburgstrasse;40;6345;0;Neuheim;2685290.291;1227908.696;de
315005;0;ZG;1705;Neuheim;Burgweid;1;6345;0;Neuheim;2686203.218;1227596.516;de
315006;0;ZG;1705;Neuheim;Burgweid;3;6345;0;Neuheim;2686328.607;1227634.207;de
315007;0;ZG;1705;Neuheim;Burgweid;2;6345;0;Neuheim;2686259.041;1227623.146;de
315008;0;ZG;1705;Neuheim;Hegglihof;1;6345;0;Neuheim;2685752.056;1227772.959;de
315009;0;ZG;1705;Neuheim;Feld;1;6345;0;Neuheim;2685516.986;1227518.178;de
315010;0;ZG;1705;Neuheim;Hinterburgstrasse;46;6345;0;Neuheim;2685853.642;1227836.596;de
315011;0;ZG;1705;Neuheim;Höllmättli;1;6340;0;Baar;2685004.658;1227592.026;de
315012;0;ZG;1705;Neuheim;Höllgrotten;1;6340;0;Baar;2684939.807;1227091.917;de
315013;0;ZG;1705;Neuheim;Höll;1;6340;0;Baar;2684980.176;1227209.201;de
315014;0;ZG;1705;Neuheim;Edlibachstrasse;69;6345;0;Neuheim;2686051.072;1227691.31;de
315015;0;ZG;1705;Neuheim;Hinterburgstrasse;34;6345;0;Neuheim;2685731.94;1228009.461;de
315018;0;ZG;1705;Neuheim;Im Blatt A;1;6345;0;Neuheim;2686099.676;1228297.708;de
315024;0;ZG;1705;Neuheim;Im Blatt B;1;6345;0;Neuheim;2686098.241;1228280.413;de
315032;0;ZG;1705;Neuheim;Im Blatt C;1;6345;0;Neuheim;2686088.301;1228244.813;de
315040;0;ZG;1705;Neuheim;Im Blatt D;1;6345;0;Neuheim;2686084.337;1228225.783;de
315048;0;ZG;1705;Neuheim;Im Blatt E;1;6345;0;Neuheim;2686076.628;1228191.036;de
315056;0;ZG;1705;Neuheim;Im Blatt F;1;6345;0;Neuheim;2686069.782;1228172.511;de
315064;0;ZG;1705;Neuheim;Blatt;1;6345;0;Neuheim;2686036.276;1228014.668;de
315065;0;ZG;1705;Neuheim;Büel;1;6345;0;Neuheim;2686504.675;1228476.729;de
315066;0;ZG;1705;Neuheim;Büel;2;6345;0;Neuheim;2686507.985;1228457.029;de
315067;0;ZG;1705;Neuheim;Rütiweid;1;6345;0;Neuheim;2686499.878;1228419.475;de
315068;0;ZG;1705;Neuheim;Rütiweid;2;6345;0;Neuheim;2686429.823;1228380.838;de
315069;0;ZG;1705;Neuheim;Blattweid;1;6345;0;Neuheim;2686229.621;1228061.124;de
315070;0;ZG;1705;Neuheim;Birkenstrasse;1;6345;0;Neuheim;2686354.53;1228890.063;de
315071;0;ZG;1705;Neuheim;Birkenstrasse;3;6345;0;Neuheim;2686349.521;1228900.197;de
315072;0;ZG;1705;Neuheim;Birkenstrasse;4;6345;0;Neuheim;2686388.379;1228948.842;de
315073;0;ZG;1705;Neuheim;Birkenstrasse;17;6345;0;Neuheim;2686325.119;1228991.064;de
315074;0;ZG;1705;Neuheim;Birkenstrasse;19;6345;0;Neuheim;2686321.53;1228996.534;de
315075;0;ZG;1705;Neuheim;Birkenstrasse;21;6345;0;Neuheim;2686318.112;1229002.174;de
315076;0;ZG;1705;Neuheim;Birkenstrasse;23;6345;0;Neuheim;2686317.088;1229009.183;de
315077;0;ZG;1705;Neuheim;Birkenstrasse;25;6345;0;Neuheim;2686313.671;1229014.311;de
315078;0;ZG;1705;Neuheim;Windenboden;1;6345;0;Neuheim;2686343.413;1229031.063;de
315079;0;ZG;1705;Neuheim;Windenboden;2;6345;0;Neuheim;2686343.072;1229038.071;de
315080;0;ZG;1705;Neuheim;Windenboden;3;6345;0;Neuheim;2686340.851;1229043.543;de
315081;0;ZG;1705;Neuheim;Windenboden;4;6345;0;Neuheim;2686341.023;1229047.303;de
315082;0;ZG;1705;Neuheim;Windenboden;5;6345;0;Neuheim;2686348.719;1229052.335;de
315083;0;ZG;1705;Neuheim;Windenboden;6;6345;0;Neuheim;2686353.5;1229052.432;de
315084;0;ZG;1705;Neuheim;Windenboden;7;6345;0;Neuheim;2686360.677;1229053.46;de
315085;0;ZG;1705;Neuheim;Windenboden;8;6345;0;Neuheim;2686365.975;1229051.409;de
315086;0;ZG;1705;Neuheim;Windenboden;9;6345;0;Neuheim;2686372.298;1229051.582;de
315087;0;ZG;1705;Neuheim;Windenboden;10;6345;0;Neuheim;2686391.788;1229021.664;de
315088;0;ZG;1705;Neuheim;Windenboden;11;6345;0;Neuheim;2686392.984;1229025.084;de
315089;0;ZG;1705;Neuheim;Windenboden;12;6345;0;Neuheim;2686393.152;1229035.001;de
315090;0;ZG;1705;Neuheim;Windenboden;13;6345;0;Neuheim;2686398.791;1229037.566;de
315091;0;ZG;1705;Neuheim;Windenboden;14;6345;0;Neuheim;2686422.723;1229034.49;de
315092;0;ZG;1705;Neuheim;Windenboden;15;6345;0;Neuheim;2686420.157;1229040.645;de
315093;0;ZG;1705;Neuheim;Windenboden;16;6345;0;Neuheim;2686417.761;1229045.944;de
315094;0;ZG;1705;Neuheim;Windenboden;17;6345;0;Neuheim;2686415.195;1229051.586;de
315095;0;ZG;1705;Neuheim;Windenboden;18;6345;0;Neuheim;2686412.801;1229057.74;de
315096;0;ZG;1705;Neuheim;Windenboden;19;6345;0;Neuheim;2686382.208;1229088.336;de
315097;0;ZG;1705;Neuheim;Windenboden;20;6345;0;Neuheim;2686388.531;1229090.901;de
315098;0;ZG;1705;Neuheim;Windenboden;21;6345;0;Neuheim;2686393.145;1229091.243;de
315099;0;ZG;1705;Neuheim;Windenboden;22;6345;0;Neuheim;2686394.682;1229087.312;de
315100;0;ZG;1705;Neuheim;Windenboden;23;6345;0;Neuheim;2686397.587;1229080.817;de
315101;0;ZG;1705;Neuheim;Windenboden;24;6345;0;Neuheim;2686443.06;1229083.21;de
315102;0;ZG;1705;Neuheim;Windenboden;25;6345;0;Neuheim;2686449.387;1229084.747;de
315103;0;ZG;1705;Neuheim;Windenboden;26;6345;0;Neuheim;2686456.057;1229086.285;de
315104;0;ZG;1705;Neuheim;Windenboden;27;6345;0;Neuheim;2686478.629;1229093.632;de
315105;0;ZG;1705;Neuheim;Windenboden;28;6345;0;Neuheim;2686485.641;1229095.339;de
315106;0;ZG;1705;Neuheim;Windenboden;29;6345;0;Neuheim;2686491.796;1229096.707;de
315107;0;ZG;1705;Neuheim;Windenboden;30;6345;0;Neuheim;2686428.193;1229112.437;de
315108;0;ZG;1705;Neuheim;Windenboden;31;6345;0;Neuheim;2686425.801;1229116.027;de
315109;0;ZG;1705;Neuheim;Windenboden;32;6345;0;Neuheim;2686427.341;1229120.471;de
315110;0;ZG;1705;Neuheim;Windenboden;33;6345;0;Neuheim;2686432.129;1229124.572;de
315111;0;ZG;1705;Neuheim;Windenboden;34;6345;0;Neuheim;2686435.891;1229127.648;de
315112;0;ZG;1705;Neuheim;Windenboden;35;6345;0;Neuheim;2686441.704;1229126.622;de
315113;0;ZG;1705;Neuheim;Windenboden;36;6345;0;Neuheim;2686446.831;1229123.204;de
315114;0;ZG;1705;Neuheim;Windenboden;37;6345;0;Neuheim;2686452.13;1229119.444;de
315115;0;ZG;1705;Neuheim;Windenweg;3;6345;0;Neuheim;2686216.943;1228912.53;de
315116;0;ZG;1705;Neuheim;Windenweg;5;6345;0;Neuheim;2686270.107;1228945.763;de
315117;0;ZG;1705;Neuheim;Windenweg;7;6345;0;Neuheim;2686265.835;1228950.891;de
315118;0;ZG;1705;Neuheim;Windenweg;8;6345;0;Neuheim;2686362.383;1228984.568;de
315119;0;ZG;1705;Neuheim;Windenweg;9;6345;0;Neuheim;2686286.676;1228958.412;de
315120;0;ZG;1705;Neuheim;Windenweg;10;6345;0;Neuheim;2686379.138;1228992.089;de
315121;0;ZG;1705;Neuheim;Windenweg;12;6345;0;Neuheim;2686395.21;1228999.44;de
315122;0;ZG;1705;Neuheim;Windenweg;13;6345;0;Neuheim;2686500.01;1229060.293;de
315123;0;ZG;1705;Neuheim;Windenweg;14;6345;0;Neuheim;2686431.156;1229009.411;de
315124;0;ZG;1705;Neuheim;Windenweg;16;6345;0;Neuheim;2686466.495;1229025.598;de
315125;0;ZG;1705;Neuheim;Windenweg;18;6345;0;Neuheim;2686502.914;1229034.313;de
315126;0;ZG;1705;Neuheim;Windenweg;19;6345;0;Neuheim;2686622.842;1229079.444;de
315128;0;ZG;1705;Neuheim;Obere Rainstrasse;2;6345;0;Neuheim;2686155.523;1228710.409;de
315129;0;ZG;1705;Neuheim;Obere Rainstrasse;2a;6345;0;Neuheim;2686158.405;1228693.825;de
315130;0;ZG;1705;Neuheim;Obere Rainstrasse;3;6345;0;Neuheim;2686196.766;1228747.837;de
315131;0;ZG;1705;Neuheim;Obere Rainstrasse;5;6345;0;Neuheim;2686194.208;1228770.739;de
315132;0;ZG;1705;Neuheim;Obere Rainstrasse;6;6345;0;Neuheim;2686202.235;1228717.754;de
315133;0;ZG;1705;Neuheim;Obere Rainstrasse;7;6345;0;Neuheim;2686215.063;1228770.572;de
315134;0;ZG;1705;Neuheim;Obere Rainstrasse;8;6345;0;Neuheim;2686223.096;1228728.52;de
315135;0;ZG;1705;Neuheim;Obere Rainstrasse;9;6345;0;Neuheim;2686303.295;1228846.303;de
315137;0;ZG;1705;Neuheim;Obere Rainstrasse;11;6345;0;Neuheim;2686336.27;1228852.094;de
315138;0;ZG;1705;Neuheim;Obere Rainstrasse;12;6345;0;Neuheim;2686262.757;1228764.759;de
315139;0;ZG;1705;Neuheim;Obere Rainstrasse;13;6345;0;Neuheim;2686362.759;1228861.493;de
315140;0;ZG;1705;Neuheim;Obere Rainstrasse;14;6345;0;Neuheim;2686267.2;1228741.852;de
315141;0;ZG;1705;Neuheim;Windenhof;;6345;0;Neuheim;2686322.94;1228878.55;de
315142;0;ZG;1705;Neuheim;Obere Rainstrasse;16;6345;0;Neuheim;2686282.245;1228753.643;de
315144;0;ZG;1705;Neuheim;Obere Rainstrasse;20;6345;0;Neuheim;2686371.821;1228816.365;de
315145;0;ZG;1705;Neuheim;Obere Rainstrasse;24;6345;0;Neuheim;2686399.849;1228846.281;de
315146;0;ZG;1705;Neuheim;Obere Rainstrasse;26;6345;0;Neuheim;2686406.343;1228847.992;de
315147;0;ZG;1705;Neuheim;Obere Rainstrasse;28;6345;0;Neuheim;2686432.322;1228863.38;de
315148;0;ZG;1705;Neuheim;Obere Rainstrasse;32;6345;0;Neuheim;2686464.794;1228863.604;de
315149;0;ZG;1705;Neuheim;Obere Rainstrasse;34;6345;0;Neuheim;2686473.518;1228880.476;de
315150;0;ZG;1705;Neuheim;Obere Rainstrasse;36;6345;0;Neuheim;2686480.868;1228884.92;de
315151;0;ZG;1705;Neuheim;Obere Rainstrasse;38;6345;0;Neuheim;2686496.938;1228900.473;de
315152;0;ZG;1705;Neuheim;Obere Rainstrasse;40;6345;0;Neuheim;2686505.486;1228902.694;de
315153;0;ZG;1705;Neuheim;Obere Rainstrasse;42;6345;0;Neuheim;2686531.813;1228916.021;de
315154;0;ZG;1705;Neuheim;Obere Rainstrasse;44;6345;0;Neuheim;2686541.046;1228890.549;de
315155;0;ZG;1705;Neuheim;Obere Rainstrasse;46;6345;0;Neuheim;2686543.44;1228881.659;de
315156;0;ZG;1705;Neuheim;Rainstrasse;1;6345;0;Neuheim;2686249.581;1228884.966;de
315157;0;ZG;1705;Neuheim;Rainstrasse;3;6345;0;Neuheim;2686295.167;1228852.274;de
315158;0;ZG;1705;Neuheim;Rainstrasse;4;6345;0;Neuheim;2686289.282;1228782.376;de
315159;0;ZG;1705;Neuheim;Rainstrasse;6;6345;0;Neuheim;2686306.948;1228793.844;de
315160;0;ZG;1705;Neuheim;Rainstrasse;5;6345;0;Neuheim;2686321.549;1228804.029;de
315161;0;ZG;1705;Neuheim;Obere Rainstrasse;30;6345;0;Neuheim;2686460.415;1228868.803;de
315162;0;ZG;1705;Neuheim;Chilemattweg;1;6345;0;Neuheim;2686194.57;1228927.129;de
315164;0;ZG;1705;Neuheim;Chilemattweg;4;6345;0;Neuheim;2686157.155;1228990.139;de
315166;0;ZG;1705;Neuheim;Lindenweg;1;6345;0;Neuheim;2686032.959;1228837.743;de
315167;0;ZG;1705;Neuheim;Lindenweg;2;6345;0;Neuheim;2686024.595;1228865.199;de
315170;0;ZG;1705;Neuheim;Lindenweg;6;6345;0;Neuheim;2685997.601;1228902.062;de
315172;0;ZG;1705;Neuheim;Lindenweg;15;6345;0;Neuheim;2685919.866;1228953.747;de
315173;0;ZG;1705;Neuheim;Lindenweg;17;6345;0;Neuheim;2685900.818;1228962.537;de
315174;0;ZG;1705;Neuheim;Lindenweg;19;6345;0;Neuheim;2685927.68;1228973.039;de
315175;0;ZG;1705;Neuheim;Lindenweg;21;6345;0;Neuheim;2685929.268;1229002.584;de
315176;0;ZG;1705;Neuheim;Maiackerstrasse;1;6345;0;Neuheim;2686069.912;1228799.423;de
315177;0;ZG;1705;Neuheim;Maiackerstrasse;2;6345;0;Neuheim;2686090.28;1228843.207;de
315178;0;ZG;1705;Neuheim;Maiackerstrasse;3;6345;0;Neuheim;2686082.657;1228828.048;de
315179;0;ZG;1705;Neuheim;Maiackerstrasse;4;6345;0;Neuheim;2686073.223;1228851.222;de
315180;0;ZG;1705;Neuheim;Maiackerstrasse;6;6345;0;Neuheim;2686088.77;1228857.747;de
315181;0;ZG;1705;Neuheim;Maiackerstrasse;10;6345;0;Neuheim;2686057.111;1228898.574;de
315182;0;ZG;1705;Neuheim;Maiackerstrasse;12;6345;0;Neuheim;2686074.538;1228969.415;de
315184;0;ZG;1705;Neuheim;Maiackerstrasse;25;6345;0;Neuheim;2686047.194;1228977.901;de
315185;0;ZG;1705;Neuheim;Maiackerstrasse;35;6345;0;Neuheim;2686074.712;1229072.773;de
315186;0;ZG;1705;Neuheim;Maiackerstrasse;37;6345;0;Neuheim;2686063.26;1229080.465;de
315188;0;ZG;1705;Neuheim;Maiackerstrasse;41;6345;0;Neuheim;2686013.864;1229079.95;de
315189;0;ZG;1705;Neuheim;Meiacher;;6345;0;Neuheim;2685876;1229253;de
315190;0;ZG;1705;Neuheim;Mattweg;1;6345;0;Neuheim;2686074.925;1229039.972;de
315191;0;ZG;1705;Neuheim;Mattweg;3;6345;0;Neuheim;2686062.746;1229044.227;de
315192;0;ZG;1705;Neuheim;Mattweg;5;6345;0;Neuheim;2686051.465;1229048.842;de
315193;0;ZG;1705;Neuheim;Mattweg;7;6345;0;Neuheim;2686028.562;1229050.892;de
315194;0;ZG;1705;Neuheim;Mattweg;9;6345;0;Neuheim;2686017.172;1229054.116;de
315195;0;ZG;1705;Neuheim;Mattweg;11;6345;0;Neuheim;2686004.803;1229049.694;de
315196;0;ZG;1705;Neuheim;Mattweg;13;6345;0;Neuheim;2685982.701;1229053.867;de
315197;0;ZG;1705;Neuheim;Mattweg;15;6345;0;Neuheim;2685969.25;1229056.41;de
315198;0;ZG;1705;Neuheim;Meiacher;1;6345;0;Neuheim;2686037.915;1229134.48;de
315199;0;ZG;1705;Neuheim;Neuhus;1;6345;0;Neuheim;2686233.438;1229397.809;de
315200;0;ZG;1705;Neuheim;Oberdorf;1;6345;0;Neuheim;2685935.932;1228882.549;de
315201;0;ZG;1705;Neuheim;Schlössliweg;2;6345;0;Neuheim;2686045.753;1228835.003;de
315202;0;ZG;1705;Neuheim;Schlössliweg;3;6345;0;Neuheim;2686036.424;1228819.62;de
315204;0;ZG;1705;Neuheim;Schlössliweg;7;6345;0;Neuheim;2686006.231;1228762.623;de
315205;0;ZG;1705;Neuheim;Chilemattweg;3;6345;0;Neuheim;2686182.947;1228930.89;de
315206;0;ZG;1705;Neuheim;Blattmatt;1;6345;0;Neuheim;2685963.963;1228181.348;de
315207;0;ZG;1705;Neuheim;Blattmatt;2;6345;0;Neuheim;2685933.571;1228182.337;de
315208;0;ZG;1705;Neuheim;Blattmatt;3;6345;0;Neuheim;2685983.775;1228169.056;de
315209;0;ZG;1705;Neuheim;Blattmatt;4;6345;0;Neuheim;2685914.275;1228157.409;de
315210;0;ZG;1705;Neuheim;Blattmatt;5;6345;0;Neuheim;2685947.768;1228150.335;de
315211;0;ZG;1705;Neuheim;Blattmatt;6;6345;0;Neuheim;2685890.843;1228141.272;de
315212;0;ZG;1705;Neuheim;Blattmatt;7;6345;0;Neuheim;2685967.553;1228138.397;de
315213;0;ZG;1705;Neuheim;Dorfstrasse;2;6345;0;Neuheim;2686106.005;1228802.358;de
315214;0;ZG;1705;Neuheim;Dorfstrasse;3;6345;0;Neuheim;2686140.976;1228778.293;de
315215;0;ZG;1705;Neuheim;Dorfstrasse;5;6345;0;Neuheim;2686127.544;1228749.04;de
315216;0;ZG;1705;Neuheim;Dorfstrasse;6;6345;0;Neuheim;2686112.344;1228775.154;de
315217;0;ZG;1705;Neuheim;Dorfstrasse;7;6345;0;Neuheim;2686127.987;1228700.744;de
315218;0;ZG;1705;Neuheim;Dorfstrasse;8;6345;0;Neuheim;2686092.333;1228766.141;de
315219;0;ZG;1705;Neuheim;Dorfstrasse;9;6345;0;Neuheim;2685998.386;1228326.841;de
315220;0;ZG;1705;Neuheim;Edlibachstrasse;3;6345;0;Neuheim;2686059.406;1228264.639;de
315221;0;ZG;1705;Neuheim;Edlibachstrasse;7;6345;0;Neuheim;2686066.362;1228258.314;de
315222;0;ZG;1705;Neuheim;Edlibachstrasse;5;6345;0;Neuheim;2686064.65;1228263.221;de
315223;0;ZG;1705;Neuheim;Edlibachstrasse;4;6345;0;Neuheim;2686001.924;1228240.855;de
315224;0;ZG;1705;Neuheim;Edlibachstrasse;9;6345;0;Neuheim;2686044.027;1228243.424;de
315225;0;ZG;1705;Neuheim;Edlibachstrasse;11;6345;0;Neuheim;2686055.556;1228240.487;de
315226;0;ZG;1705;Neuheim;Edlibachstrasse;17;6345;0;Neuheim;2686037.181;1228183.654;de
315227;0;ZG;1705;Neuheim;Edlibachstrasse;21;6345;0;Neuheim;2686013.34;1228147.148;de
315228;0;ZG;1705;Neuheim;Edlibachstrasse;23;6345;0;Neuheim;2686019.396;1228145.418;de
315229;0;ZG;1705;Neuheim;Edlibachstrasse;25;6345;0;Neuheim;2686025.234;1228144.048;de
315230;0;ZG;1705;Neuheim;Edlibachstrasse;27;6345;0;Neuheim;2686031.434;1228142.389;de
315231;0;ZG;1705;Neuheim;Edlibachstrasse;40;6345;0;Neuheim;2685855.769;1227743.426;de
315232;0;ZG;1705;Neuheim;Edlibachstrasse;61;6345;0;Neuheim;2685911.56;1227768.071;de
315233;0;ZG;1705;Neuheim;Neuhofstrasse;1;6345;0;Neuheim;2686098.829;1228710.91;de
315235;0;ZG;1705;Neuheim;Edlibachstrasse;6;6345;0;Neuheim;2685990.658;1228198.775;de
315236;0;ZG;1705;Neuheim;Edlibachstrasse;13;6345;0;Neuheim;2686032.412;1228208.24;de
315237;0;ZG;1705;Neuheim;Edlibachstrasse;15;6345;0;Neuheim;2686042.318;1228201.772;de
315238;0;ZG;1705;Neuheim;Edlibachstrasse;19;6345;0;Neuheim;2686033.839;1228168.483;de
315240;0;ZG;1705;Neuheim;Sihlbruggstrasse;1;6345;0;Neuheim;2686023.909;1228308.902;de
315241;0;ZG;1705;Neuheim;Sihlbruggstrasse;2;6345;0;Neuheim;2686054.267;1228294.132;de
315242;0;ZG;1705;Neuheim;Sihlbruggstrasse;4;6345;0;Neuheim;2686058.793;1228306.146;de
315243;0;ZG;1705;Neuheim;Sihlbruggstrasse;6;6345;0;Neuheim;2686071.12;1228336.543;de
315244;0;ZG;1705;Neuheim;Industriestrasse;1;6345;0;Neuheim;2686163.821;1228534.411;de
315245;0;ZG;1705;Neuheim;Industriestrasse;4;6345;0;Neuheim;2686218.734;1228508.621;de
315246;0;ZG;1705;Neuheim;Industriestrasse;6;6345;0;Neuheim;2686246.499;1228528.877;de
315247;0;ZG;1705;Neuheim;Industriestrasse;3;6345;0;Neuheim;2686219.425;1228574.698;de
315248;0;ZG;1705;Neuheim;Industriestrasse;8;6345;0;Neuheim;2686322.034;1228560.175;de
315249;0;ZG;1705;Neuheim;Industriestrasse;16;6345;0;Neuheim;2686470.923;1228651.269;de
315251;0;ZG;1705;Neuheim;Sihlbruggstrasse;33;6345;0;Neuheim;2686334.594;1228708.277;de
315252;0;ZG;1705;Neuheim;Tal;1;6345;0;Neuheim;2686889.467;1229168.617;de
315253;0;ZG;1705;Neuheim;Talegg;1;6345;0;Neuheim;2686831.162;1229322.896;de
315254;0;ZG;1705;Neuheim;Talmühle;1;6345;0;Neuheim;2686927.976;1229196.18;de
315255;0;ZG;1705;Neuheim;Hinterweidli;1;6345;0;Neuheim;2686654.917;1229285.188;de
315256;0;ZG;1705;Neuheim;Neutal;1;6345;0;Neuheim;2687014.209;1229217.039;de
315257;0;ZG;1705;Neuheim;Sennweid;1;6345;0;Neuheim;2687453.649;1229455.478;de
315258;0;ZG;1705;Neuheim;Rundhus;1;6345;0;Neuheim;2686805.652;1229270.917;de
315259;0;ZG;1705;Neuheim;Poststrasse;2;6345;0;Neuheim;2686141.41;1228816.929;de
315260;0;ZG;1705;Neuheim;Poststrasse;4;6345;0;Neuheim;2686166.113;1228742.801;de
315261;0;ZG;1705;Neuheim;Hintersennweid;1;6345;0;Neuheim;2687644.08;1229224.07;de
315262;0;ZG;1705;Neuheim;Hintersennweid;2;6345;0;Neuheim;2687624.935;1229216.72;de
315263;0;ZG;1705;Neuheim;Zugerstrasse;15;6340;4;Sihlbrugg;2686167.125;1230114.629;de
315265;0;ZG;1705;Neuheim;Rossmatt;1;6340;4;Sihlbrugg;2686527.92;1230152.42;de
315266;0;ZG;1705;Neuheim;Zugerstrasse;1;6340;4;Sihlbrugg;2686290.198;1230242.047;de
315267;0;ZG;1705;Neuheim;Waldhüsli;1;6340;0;Baar;2686338.46;1230221.57;de
315270;0;ZG;1705;Neuheim;Sennweid;;6345;0;Neuheim;2687624.831;1229019;de
315271;0;ZG;1705;Neuheim;Aeschegg;1;6345;0;Neuheim;2687113.592;1227535.358;de
315272;0;ZG;1705;Neuheim;Erlenbach;1;6345;0;Neuheim;2687416.717;1227184.544;de
315273;0;ZG;1705;Neuheim;Schwellbüel;1;6345;0;Neuheim;2687088.935;1227796.518;de
315274;0;ZG;1705;Neuheim;Schwellbüel;1;6345;0;Neuheim;2687089.833;1227832.8;de
315275;0;ZG;1705;Neuheim;Winzenbach;1;6345;0;Neuheim;2687329.017;1227908.44;de
315276;0;ZG;1705;Neuheim;Winzenbach;1.2;6345;0;Neuheim;2687339.73;1227889.47;de
315277;0;ZG;1705;Neuheim;Winzenbach;3;6345;0;Neuheim;2687319.8;1227905.71;de
315278;0;ZG;1705;Neuheim;Winzenbachstrasse;2;6345;0;Neuheim;2686702.964;1228610.026;de
315279;0;ZG;1705;Neuheim;Sarbachstrasse;12;6345;0;Neuheim;2686672.767;1228651.919;de
315280;0;ZG;1705;Neuheim;Im Rietli;1;6345;0;Neuheim;2686724;1228629;de
315281;0;ZG;1705;Neuheim;Rietlistrasse;12;6345;0;Neuheim;2686821.477;1228825.919;de
315282;0;ZG;1705;Neuheim;Rietlistrasse;1;6345;0;Neuheim;2686673.542;1228768.74;de
315283;0;ZG;1705;Neuheim;Sarbachstrasse;1;6345;0;Neuheim;2686634.324;1228770.601;de
315285;0;ZG;1705;Neuheim;Sarbachstrasse;5;6345;0;Neuheim;2686700.291;1228676.752;de
315286;0;ZG;1705;Neuheim;Sarbachstrasse;4;6345;0;Neuheim;2686559.792;1228748.627;de
315288;0;ZG;1705;Neuheim;Oberlandstrasse;3;6345;0;Neuheim;2686773.867;1228671.984;de
315290;0;ZG;1705;Neuheim;Oberlandstrasse;7;6345;0;Neuheim;2686820.179;1228671.904;de
315291;0;ZG;1705;Neuheim;Stöck;1;6345;0;Neuheim;2687118.727;1228671.902;de
315292;0;ZG;1705;Neuheim;Winkel;1;6345;0;Neuheim;2687162.249;1228704.763;de
315294;0;ZG;1705;Neuheim;Chnödli;1;6345;0;Neuheim;2687262.355;1228553.659;de
315296;0;ZG;1705;Neuheim;Hof;1;6345;0;Neuheim;2687553.878;1228275.079;de
315297;0;ZG;1705;Neuheim;Hof;2;6345;0;Neuheim;2687567.08;1228276.76;de
315299;0;ZG;1705;Neuheim;Hinterberg;1;6345;0;Neuheim;2688218.057;1228233.999;de
315300;0;ZG;1705;Neuheim;Hinterberg;2;6345;0;Neuheim;2688281.009;1228286.851;de
315301;0;ZG;1705;Neuheim;Hinterbüel;2;6345;0;Neuheim;2687643.059;1227539.487;de
315302;0;ZG;1705;Neuheim;Hinterbüel;1;6345;0;Neuheim;2687628.556;1227514.582;de
315303;0;ZG;1705;Neuheim;Wies;1;6345;0;Neuheim;2687787.654;1227426.348;de
315304;0;ZG;1705;Neuheim;Oberblachen;1;6345;0;Neuheim;2688076.519;1227515.163;de
315305;0;ZG;1705;Neuheim;Unterblachen;1;6345;0;Neuheim;2688165.953;1227546.666;de
315306;0;ZG;1705;Neuheim;Neublachen;1;6345;0;Neuheim;2688190.063;1227246.528;de
315307;0;ZG;1705;Neuheim;Oelegg;1;6345;0;Neuheim;2688146.004;1227831.51;de
315309;0;ZG;1705;Neuheim;Brandweid;1;6345;0;Neuheim;2687760.23;1227264.07;de
315311;0;ZG;1705;Neuheim;Dorfplatz;5;6345;0;Neuheim;2686117.531;1228883.892;de
315312;0;ZG;1705;Neuheim;Dorfplatz;4;6345;0;Neuheim;2686128.575;1228859.522;de
315313;0;ZG;1705;Neuheim;Im Flieder;1;6345;0;Neuheim;2685747.62;1229055.09;de
315314;0;ZG;1705;Neuheim;Dorfplatz;8;6345;0;Neuheim;2686171.767;1228859.386;de
315315;0;ZG;1705;Neuheim;Dorfplatz;9;6345;0;Neuheim;2686139.125;1228878.423;de
315316;0;ZG;1705;Neuheim;Dorfplatz;13;6345;0;Neuheim;2686180.787;1228884.082;de
315317;0;ZG;1705;Neuheim;Dorfplatz;11;6345;0;Neuheim;2686161.422;1228881.331;de
315318;0;ZG;1705;Neuheim;Dorfplatz;2;6345;0;Neuheim;2686124.929;1228850.756;de
315319;0;ZG;1705;Neuheim;Dorfplatz;3;6345;0;Neuheim;2686105.279;1228865.772;de
315320;0;ZG;1705;Neuheim;Dorfplatz;1;6345;0;Neuheim;2686099.799;1228831.284;de
3155633;0;ZG;1705;Neuheim;Neuhofstrasse;6;6345;0;Neuheim;2686018.499;1228608.725;de
3155634;0;ZG;1705;Neuheim;Neuhofstrasse;70;6345;0;Neuheim;2685926.431;1228425.902;de
3155635;0;ZG;1705;Neuheim;Neuhofstrasse;52;6345;0;Neuheim;2685934.302;1228483.947;de
3155636;0;ZG;1705;Neuheim;Neuhofstrasse;8;6345;0;Neuheim;2686013.259;1228607.86;de
3155637;0;ZG;1705;Neuheim;Am Büel;2;6345;0;Neuheim;2686514.8;1228667.08;de
3155638;0;ZG;1705;Neuheim;Obere Rainstrasse;4a;6345;0;Neuheim;2686175.994;1228711.477;de
3155639;0;ZG;1705;Neuheim;Obere Rainstrasse;4c;6345;0;Neuheim;2686184.925;1228698.721;de
3155640;0;ZG;1705;Neuheim;Neuhofstrasse;19;6345;0;Neuheim;2685933.668;1228399.742;de
3155641;0;ZG;1705;Neuheim;Neuhofstrasse;17;6345;0;Neuheim;2685951.894;1228418.997;de
3155643;0;ZG;1705;Neuheim;Obere Rainstrasse;4b;6345;0;Neuheim;2686180.61;1228712.455;de
3155644;0;ZG;1705;Neuheim;Birkenstrasse;13;6345;0;Neuheim;2686335.157;1228960.977;de
3155645;0;ZG;1705;Neuheim;Neuhofstrasse;86;6345;0;Neuheim;2685834.04;1228241.525;de
3155646;0;ZG;1705;Neuheim;Neuhofstrasse;90;6345;0;Neuheim;2685897.98;1228215.009;de
3155647;0;ZG;1705;Neuheim;Neuhofstrasse;88;6345;0;Neuheim;2685866.045;1228229.923;de
3155648;0;ZG;1705;Neuheim;Zehndermattstrasse;1;6345;0;Neuheim;2686070.233;1228715.202;de
3155649;0;ZG;1705;Neuheim;Zehndermattstrasse;7;6345;0;Neuheim;2686023.206;1228737.98;de
3155650;0;ZG;1705;Neuheim;Neuhofstrasse;60;6345;0;Neuheim;2685904.083;1228465.992;de
3155651;0;ZG;1705;Neuheim;Birkenstrasse;15;6345;0;Neuheim;2686334.327;1228963.761;de
3155652;0;ZG;1705;Neuheim;Neuhofstrasse;48;6345;0;Neuheim;2685961.264;1228473.387;de
3155653;0;ZG;1705;Neuheim;Birkenstrasse;11;6345;0;Neuheim;2686337.748;1228953.503;de
3155654;0;ZG;1705;Neuheim;Birkenstrasse;9;6345;0;Neuheim;2686338.578;1228951.159;de
3155655;0;ZG;1705;Neuheim;Birkenstrasse;5;6345;0;Neuheim;2686339.019;1228935.37;de
3155656;0;ZG;1705;Neuheim;Birkenstrasse;7;6345;0;Neuheim;2686315.621;1228927.275;de
3155658;0;ZG;1705;Neuheim;Neuhofstrasse;3;6345;0;Neuheim;2686080.955;1228677.641;de
3155659;0;ZG;1705;Neuheim;Neuhofstrasse;78a;6345;0;Neuheim;2685840.543;1228471.88;de
3155660;0;ZG;1705;Neuheim;Neuhofstrasse;62;6345;0;Neuheim;2685895.86;1228449.811;de
3155661;0;ZG;1705;Neuheim;Neuhofstrasse;66;6345;0;Neuheim;2685946.484;1228445.952;de
3155662;0;ZG;1705;Neuheim;Neuhofstrasse;10;6345;0;Neuheim;2686004.471;1228627.098;de
3155663;0;ZG;1705;Neuheim;Neuhofstrasse;12;6345;0;Neuheim;2685989.407;1228616.404;de
3155664;0;ZG;1705;Neuheim;Neuhofstrasse;2;6345;0;Neuheim;2686043.944;1228650.668;de
3155665;0;ZG;1705;Neuheim;Neuhofstrasse;21;6345;0;Neuheim;2685910.171;1228387.749;de
3155666;0;ZG;1705;Neuheim;Neuhofstrasse;58;6345;0;Neuheim;2685905.996;1228478.366;de
3155667;0;ZG;1705;Neuheim;Neuhofstrasse;64;6345;0;Neuheim;2685906.83;1228446.374;de
3155668;0;ZG;1705;Neuheim;Neuhofstrasse;54;6345;0;Neuheim;2685924.128;1228485.146;de
3155669;0;ZG;1705;Neuheim;Neuhofstrasse;5;6345;0;Neuheim;2686060.978;1228631.478;de
3155670;0;ZG;1705;Neuheim;Neuhofstrasse;14;6345;0;Neuheim;2685972.109;1228605.577;de
3155671;0;ZG;1705;Neuheim;Neuhofstrasse;84;6345;0;Neuheim;2685802.316;1228254.887;de
3155672;0;ZG;1705;Neuheim;Neuhofstrasse;56;6345;0;Neuheim;2685907.339;1228489.132;de
3155673;0;ZG;1705;Neuheim;Neuhofstrasse;72;6345;0;Neuheim;2685917.456;1228418.553;de
3155674;0;ZG;1705;Neuheim;Neuhofstrasse;50;6345;0;Neuheim;2685951.253;1228475.707;de
3155678;0;ZG;1705;Neuheim;Neuhofstrasse;68;6345;0;Neuheim;2685938.702;1228437.558;de
9002281;0;ZG;1705;Neuheim;Industriestrasse;7;6345;0;Neuheim;2686259.233;1228600.373;de
9002282;0;ZG;1705;Neuheim;Industriestrasse;9;6345;0;Neuheim;2686252.542;1228616.687;de
9002283;0;ZG;1705;Neuheim;Industriestrasse;11;6345;0;Neuheim;2686287.22;1228625.184;de
9002284;0;ZG;1705;Neuheim;Lindenweg;14;6345;0;Neuheim;2685969.828;1229022.841;de
9032621;0;ZG;1705;Neuheim;Büel;3;6345;0;Neuheim;2686530.482;1228465.069;de
9032622;0;ZG;1705;Neuheim;Baarburgstrasse;20.3;6345;0;Neuheim;2685109.06;1228003.227;de
9032623;0;ZG;1705;Neuheim;Oberlandstrasse;;6345;0;Neuheim;2687557;1228103;de
9033676;0;ZG;1705;Neuheim;Hinterburgstrasse;42;6345;0;Neuheim;2685800;1227880;de
9033677;0;ZG;1705;Neuheim;Zugerstrasse;;6340;4;Sihlbrugg;2686150;1230190;de
9033678;0;ZG;1705;Neuheim;Industriestrasse;15.4;6345;0;Neuheim;2686447.899;1228685.559;de
9033679;0;ZG;1705;Neuheim;Lindenweg;24;6345;0;Neuheim;2685965.751;1228938.939;de
9033680;0;ZG;1705;Neuheim;Sihlbruggstrasse;;6345;0;Neuheim;2686629;1230231;de
9033682;0;ZG;1705;Neuheim;Sihlbruggstrasse;;6345;0;Neuheim;2686871;1228920;de
9033683;0;ZG;1705;Neuheim;Im Rietli;;6345;0;Neuheim;2686806;1228786;de
9041006;0;ZG;1705;Neuheim;Industriestrasse;10;6345;0;Neuheim;2686358.451;1228592.621;de
9041007;0;ZG;1705;Neuheim;Industriestrasse;13;6345;0;Neuheim;2686328.235;1228633.958;de
9080174;0;ZG;1705;Neuheim;Rietlistrasse;4;6345;0;Neuheim;2686700.267;1228732.044;de
11527084;0;ZG;1705;Neuheim;Maiackerstrasse;7;6345;0;Neuheim;2686028.631;1228935.038;de
11527874;0;ZG;1705;Neuheim;Chilemattweg;6;6345;0;Neuheim;2686141.399;1229013.813;de
11527893;0;ZG;1705;Neuheim;Fürtlen;1;6345;0;Neuheim;2686160.619;1228595.236;de
11527962;0;ZG;1705;Neuheim;Lindenweg;12;6345;0;Neuheim;2685959.828;1229023.841;de
11527963;0;ZG;1705;Neuheim;Lindenweg;20;6345;0;Neuheim;2685978.425;1228927.147;de
11527964;0;ZG;1705;Neuheim;Lindenweg;22;6345;0;Neuheim;2685973.99;1228930.221;de
11527965;0;ZG;1705;Neuheim;Lindenweg;8;6345;0;Neuheim;2685968.003;1228972.077;de
11527980;0;ZG;1705;Neuheim;Maiackerstrasse;9;6345;0;Neuheim;2686001.863;1228951.77;de
11527981;0;ZG;1705;Neuheim;Maiackerstrasse;19;6345;0;Neuheim;2686003.928;1229014.193;de
11528030;0;ZG;1705;Neuheim;Sonnegg;1;6313;0;Menzingen;2688549.59;1228040.761;de
11528033;0;ZG;1705;Neuheim;Sonnenweg;1;6345;0;Neuheim;2685928.272;1228332.158;de
11528080;0;ZG;1705;Neuheim;Lindenweg;26;6345;0;Neuheim;2685961.062;1228942.066;de
11528102;0;ZG;1705;Neuheim;Chilemattweg;2;6345;0;Neuheim;2686173.556;1228963.204;de
11528115;0;ZG;1705;Neuheim;Maiackerstrasse;17;6345;0;Neuheim;2685994.309;1229014.291;de
11528130;0;ZG;1705;Neuheim;Maiackerstrasse;15;6345;0;Neuheim;2685995.09;1228995.928;de
11528138;0;ZG;1705;Neuheim;Industriestrasse;2;6345;0;Neuheim;2686146.282;1228485.233;de
11528139;0;ZG;1705;Neuheim;Maiackerstrasse;27;6345;0;Neuheim;2686061.651;1229006.917;de
11528141;0;ZG;1705;Neuheim;Rüedihof;1;6345;0;Neuheim;2685739.84;1227934.543;de
11528162;0;ZG;1705;Neuheim;Maiackerstrasse;29;6345;0;Neuheim;2686043.972;1229017.856;de
11528191;0;ZG;1705;Neuheim;Lindenweg;28;6345;0;Neuheim;2685956.57;1228945.241;de
11528193;0;ZG;1705;Neuheim;Maiackerstrasse;13;6345;0;Neuheim;2685994.798;1228985.183;de
11528195;0;ZG;1705;Neuheim;Neuhofstrasse;4;6345;0;Neuheim;2686018.132;1228635.706;de
101231152;0;ZG;1705;Neuheim;Neuhofstrasse;46;6345;0;Neuheim;2685923.22;1228522.701;de
101231153;0;ZG;1705;Neuheim;Neuhofstrasse;44;6345;0;Neuheim;2685934.541;1228543.714;de
101231154;0;ZG;1705;Neuheim;Neuhofstrasse;42;6345;0;Neuheim;2685945.965;1228564.931;de
101231155;0;ZG;1705;Neuheim;Neuhofstrasse;40;6345;0;Neuheim;2685956.243;1228587.241;de
101231156;0;ZG;1705;Neuheim;Neuhofstrasse;38;6345;0;Neuheim;2685948.682;1228522.958;de
101231157;0;ZG;1705;Neuheim;Neuhofstrasse;36;6345;0;Neuheim;2685951.149;1228521.838;de
101231158;0;ZG;1705;Neuheim;Neuhofstrasse;34;6345;0;Neuheim;2685970.226;1228521.458;de
101231159;0;ZG;1705;Neuheim;Neuhofstrasse;32;6345;0;Neuheim;2685972.617;1228520.186;de
101231160;0;ZG;1705;Neuheim;Neuhofstrasse;30;6345;0;Neuheim;2685970.132;1228567.301;de
101231161;0;ZG;1705;Neuheim;Neuhofstrasse;28;6345;0;Neuheim;2685972.473;1228566.208;de
101231162;0;ZG;1705;Neuheim;Neuhofstrasse;26;6345;0;Neuheim;2685991.859;1228576.006;de
101231163;0;ZG;1705;Neuheim;Neuhofstrasse;24;6345;0;Neuheim;2685994.377;1228575.015;de
101231164;0;ZG;1705;Neuheim;Neuhofstrasse;22;6345;0;Neuheim;2685974.677;1228498.972;de
101231165;0;ZG;1705;Neuheim;Neuhofstrasse;20;6345;0;Neuheim;2685985.056;1228517.796;de
101231166;0;ZG;1705;Neuheim;Neuhofstrasse;18;6345;0;Neuheim;2685994.554;1228537.139;de
101231167;0;ZG;1705;Neuheim;Neuhofstrasse;16;6345;0;Neuheim;2686003.028;1228556.654;de
101231177;0;ZG;1705;Neuheim;Maiackerstrasse;8;6345;0;Neuheim;2686083.752;1228874.192;de
101231185;0;ZG;1705;Neuheim;Hinterthan;1;6345;0;Neuheim;2687206.466;1228373.516;de
190002694;0;ZG;1705;Neuheim;Neuhofstrasse;74;6345;0;Neuheim;2685892.311;1228416.24;de
190002695;0;ZG;1705;Neuheim;Neuhofstrasse;76;6345;0;Neuheim;2685886.999;1228415.629;de
190020648;0;ZG;1705;Neuheim;Obere Rainstrasse;10;6345;0;Neuheim;2686241.046;1228737.582;de
190045205;0;ZG;1705;Neuheim;Maiackerstrasse;21;6345;0;Neuheim;2686017.213;1228985.035;de
190045700;0;ZG;1705;Neuheim;Neuhofstrasse;15;6345;0;Neuheim;2685971.492;1228443.143;de
190060734;0;ZG;1705;Neuheim;Im Rietli;;6345;0;Neuheim;2687145;1228928;de
190060956;0;ZG;1705;Neuheim;Hofmatt;1;6345;0;Neuheim;2687840.533;1228091.187;de
190060959;0;ZG;1705;Neuheim;Meiacher;2;6345;0;Neuheim;2686050.184;1229156.423;de
190060976;0;ZG;1705;Neuheim;Windenweg;11;6345;0;Neuheim;2686464.666;1229046.8;de
190060981;0;ZG;1705;Neuheim;Hinterburgstrasse;6;6345;0;Neuheim;2685936.333;1228244.147;de
190060986;0;ZG;1705;Neuheim;Zugerstrasse;7;6340;4;Sihlbrugg;2686250.649;1230169.671;de
190123521;0;ZG;1705;Neuheim;Neuhofstrasse;13;6345;0;Neuheim;2685985.83;1228462.191;de
190123523;0;ZG;1705;Neuheim;Schlössliweg;5;6345;0;Neuheim;2686012.605;1228766.684;de
190160955;0;ZG;1705;Neuheim;Maiackerstrasse;43;6345;0;Neuheim;2686025.329;1229099.141;de
190160974;0;ZG;1705;Neuheim;Hinterburgstrasse;29;6345;0;Neuheim;2685798.305;1227941.699;de
190169791;0;ZG;1705;Neuheim;Hegglihof;2;6345;0;Neuheim;2685733.163;1227755.024;de
190188205;0;ZG;1705;Neuheim;Lindenweg;10;6345;0;Neuheim;2685958.815;1228994.402;de
190188225;0;ZG;1705;Neuheim;Maiackerstrasse;11;6345;0;Neuheim;2685995.677;1228979.322;de
190189064;0;ZG;1705;Neuheim;Am Büel;1;6345;0;Neuheim;2686495.571;1228659.652;de
190189066;0;ZG;1705;Neuheim;Oberblachen;2;6345;0;Neuheim;2688054.245;1227516.623;de
190189074;0;ZG;1705;Neuheim;Poststrasse;3;6345;0;Neuheim;2686149.024;1228839.355;de
190189083;0;ZG;1705;Neuheim;Sonnenweg;2;6345;0;Neuheim;2685908.399;1228341.804;de
190189091;0;ZG;1705;Neuheim;Zehndermattstrasse;3;6345;0;Neuheim;2686055.857;1228685.556;de
190189092;0;ZG;1705;Neuheim;Zehndermattstrasse;5;6345;0;Neuheim;2686040.583;1228713.605;de
190190270;0;ZG;1705;Neuheim;Hinterburgstrasse;2;6345;0;Neuheim;2685968.352;1228294.909;de
190191077;0;ZG;1705;Neuheim;Tal;2;6345;0;Neuheim;2686863.14;1229155.269;de
190200182;0;ZG;1705;Neuheim;Stöck;;6345;0;Neuheim;2687209.83;1228720;de
190259709;0;ZG;1705;Neuheim;Obere Rainstrasse;23;6345;0;Neuheim;2686463.8;1228992.524;de
190259711;0;ZG;1705;Neuheim;Obere Rainstrasse;25;6345;0;Neuheim;2686470.85;1228994.09;de
190259712;0;ZG;1705;Neuheim;Obere Rainstrasse;27;6345;0;Neuheim;2686477.479;1228995.537;de
190259713;0;ZG;1705;Neuheim;Obere Rainstrasse;29;6345;0;Neuheim;2686494.862;1228999.016;de
190259717;0;ZG;1705;Neuheim;Obere Rainstrasse;31;6345;0;Neuheim;2686501.189;1229000.463;de
190259720;0;ZG;1705;Neuheim;Obere Rainstrasse;33;6345;0;Neuheim;2686508.119;1229001.909;de
190259728;0;ZG;1705;Neuheim;Obere Rainstrasse;37;6345;0;Neuheim;2686538.624;1229017.29;de
190259731;0;ZG;1705;Neuheim;Obere Rainstrasse;39;6345;0;Neuheim;2686533.139;1229037.109;de
190259749;0;ZG;1705;Neuheim;Obere Rainstrasse;18;6345;0;Neuheim;2686351.472;1228813.443;de
190259788;0;ZG;1705;Neuheim;Neuhofstrasse;80;6345;0;Neuheim;2685744.453;1228264.044;de
190430888;0;ZG;1705;Neuheim;Windenweg;5a;6345;0;Neuheim;2686236.829;1228935.842;de
190611928;0;ZG;1705;Neuheim;Hafnerhof;2;6345;0;Neuheim;2685824.975;1227925.241;de
190611949;0;ZG;1705;Neuheim;Neuhofstrasse;82;6345;0;Neuheim;2685763.399;1228261.556;de
190612009;0;ZG;1705;Neuheim;Obere Rainstrasse;52;6345;0;Neuheim;2686541.573;1228978.853;de
190617368;0;ZG;1705;Neuheim;Obere Rainstrasse;54;6345;0;Neuheim;2686539.829;1228970;de
190617370;0;ZG;1705;Neuheim;Obere Rainstrasse;56;6345;0;Neuheim;2686541.829;1228975;de
190617371;0;ZG;1705;Neuheim;Obere Rainstrasse;58;6345;0;Neuheim;2686546.829;1228983;de
190659388;0;ZG;1705;Neuheim;Obere Rainstrasse;64;6345;0;Neuheim;2686569.341;1229038.642;de
190659390;0;ZG;1705;Neuheim;Obere Rainstrasse;66;6345;0;Neuheim;2686596.555;1229033.506;de
190659391;0;ZG;1705;Neuheim;Obere Rainstrasse;62;6345;0;Neuheim;2686611.32;1229007.159;de
190659392;0;ZG;1705;Neuheim;Obere Rainstrasse;60;6345;0;Neuheim;2686570.838;1229007.121;de
190766370;0;ZG;1705;Neuheim;Maiackerstrasse;39a;6345;0;Neuheim;2686044.837;1229081.102;de
190787029;0;ZG;1705;Neuheim;Obere Rainstrasse;15;6345;0;Neuheim;2686396.306;1228888.55;de
190787129;0;ZG;1705;Neuheim;Obere Rainstrasse;17;6345;0;Neuheim;2686423.343;1228899.38;de
190787169;0;ZG;1705;Neuheim;Obere Rainstrasse;19;6345;0;Neuheim;2686450.407;1228910.158;de
190787190;0;ZG;1705;Neuheim;Obere Rainstrasse;21;6345;0;Neuheim;2686446.989;1228953.605;de
190787209;0;ZG;1705;Neuheim;Obere Rainstrasse;48;6345;0;Neuheim;2686497.605;1228933.299;de
190787249;0;ZG;1705;Neuheim;Obere Rainstrasse;50;6345;0;Neuheim;2686513.211;1228955.473;de
190832369;0;ZG;1705;Neuheim;Maiackerstrasse;39b;6345;0;Neuheim;2686040.655;1229073.741;de
190887009;0;ZG;1705;Neuheim;Windenweg;9.1;6345;0;Neuheim;2686290.93;1228980.7;de
190908209;0;ZG;1705;Neuheim;Blattmatt;11;6345;0;Neuheim;2685960.931;1228108.267;de
190908269;0;ZG;1705;Neuheim;Blattmatt;8;6345;0;Neuheim;2685906.737;1228119.362;de
190908330;0;ZG;1705;Neuheim;Blattmatt;12;6345;0;Neuheim;2685918.924;1228105.147;de
190908332;0;ZG;1705;Neuheim;Blattmatt;16;6345;0;Neuheim;2685931.46;1228091.308;de
190908349;0;ZG;1705;Neuheim;Blattmatt;20;6345;0;Neuheim;2685950.731;1228068.99;de
190931489;0;ZG;1705;Neuheim;Blattmatt;10;6345;0;Neuheim;2685911.27;1228114.196;de
190931491;0;ZG;1705;Neuheim;Blattmatt;14;6345;0;Neuheim;2685923.549;1228100.137;de
190931492;0;ZG;1705;Neuheim;Blattmatt;18;6345;0;Neuheim;2685935.993;1228086.261;de
191098590;0;ZG;1705;Neuheim;Chilemattweg;9;6345;0;Neuheim;2686248.163;1228975.957;de
191131433;0;ZG;1705;Neuheim;Chilemattweg;2a;6345;0;Neuheim;2686174.625;1228965.921;de
191158430;0;ZG;1705;Neuheim;Sarbachstrasse;8;6345;0;Neuheim;2686627.18;1228697.338;de
191198530;0;ZG;1705;Neuheim;Blattmatt;9;6345;0;Neuheim;2685934.255;1228129.455;de
191204475;0;ZG;1705;Neuheim;Chilemattweg;7;6345;0;Neuheim;2686200.066;1228978.327;de
191225170;0;ZG;1705;Neuheim;Zugerstrasse;2;6340;4;Sihlbrugg;2686167;1230201;de
191240990;0;ZG;1705;Neuheim;Säntisstrasse;8;6345;0;Neuheim;2686187.312;1229058.124;de
191240991;0;ZG;1705;Neuheim;Säntisstrasse;10;6345;0;Neuheim;2686205.329;1229029.15;de
191240992;0;ZG;1705;Neuheim;Säntisstrasse;4;6345;0;Neuheim;2686166.402;1229039.104;de
191240993;0;ZG;1705;Neuheim;Säntisstrasse;6;6345;0;Neuheim;2686183.454;1229012.136;de
191267690;0;ZG;1705;Neuheim;Sihlbruggstrasse;61;6340;4;Sihlbrugg;2686511;1230025;de
191269031;0;ZG;1705;Neuheim;Hof;;6345;0;Neuheim;2687510;1228254;de
191319611;0;ZG;1705;Neuheim;Chilemattweg;5;6345;0;Neuheim;2686181.423;1228942.333;de
191352693;0;ZG;1705;Neuheim;Oberblachen;;6345;0;Neuheim;2688013;1227497;de
191352713;0;ZG;1705;Neuheim;Unterblachen;1.4;6345;0;Neuheim;2688211.01;1227559.39;de
191352851;0;ZG;1705;Neuheim;Sihlbruggstrasse;51;6345;0;Neuheim;2686769.883;1228910.28;de
191377750;0;ZG;1705;Neuheim;Baarburgstrasse;10.1;6345;0;Neuheim;2685091.36;1228598.32;de
191503737;0;ZG;1705;Neuheim;Edlibachstrasse;4;6345;0;Neuheim;2685994;1228216;de
191567295;0;ZG;1705;Neuheim;Sihlbruggstrasse;5;6345;0;Neuheim;2686018.761;1228358.359;de
191586534;0;ZG;1705;Neuheim;Kreuzrainweg;2;6345;0;Neuheim;2685874.969;1228377.504;de
191673997;0;ZG;1705;Neuheim;Chilemattweg;11;6345;0;Neuheim;2686229.471;1228964.95;de
191676705;0;ZG;1705;Neuheim;Windenweg;14b;6345;0;Neuheim;2686445.43;1228977.527;de
191682072;0;ZG;1705;Neuheim;Oberlandstrasse;1;6345;0;Neuheim;2686757.769;1228675.606;de
191686301;0;ZG;1705;Neuheim;Windenweg;14a;6345;0;Neuheim;2686431.537;1229011.714;de
191686312;0;ZG;1705;Neuheim;Baarburgstrasse;20.1;6345;0;Neuheim;2685157.88;1228406.13;de
191690296;0;ZG;1705;Neuheim;Burgweid;1;6345;0;Neuheim;2686206.99;1227593.72;de
191692772;0;ZG;1705;Neuheim;Zugerstrasse;7;6340;0;Baar;2686265.34;1230172.29;de
191710171;0;ZG;1705;Neuheim;Dorfplatz;13.1;6345;0;Neuheim;2686190.84;1228893.26;de
191710173;0;ZG;1705;Neuheim;Dorfplatz;13.2;6345;0;Neuheim;2686181.28;1228902.64;de
191710895;0;ZG;1705;Neuheim;Windenweg;19.1;6345;0;Neuheim;2686664.974;1229087.387;de
191714624;0;ZG;1705;Neuheim;Sonnegg;;6313;0;Menzingen;2688583.541;1228055.632;de
191714713;0;ZG;1705;Neuheim;Oberlandstrasse;5;6345;0;Neuheim;2686778.641;1228680.132;de
191718862;0;ZG;1705;Neuheim;Maiackerstrasse;5;6345;0;Neuheim;2686032.682;1228901.718;de
191719516;0;ZG;1705;Neuheim;Schwellbüel;1.1;6345;0;Neuheim;2687080.87;1227840.52;de
191719544;0;ZG;1705;Neuheim;Hinterthan;1.1;6345;0;Neuheim;2687221.44;1228332.22;de
191719546;0;ZG;1705;Neuheim;Hinterthan;1.2;6345;0;Neuheim;2687180.41;1228337.79;de
191719557;0;ZG;1705;Neuheim;Neutal;;6345;0;Neuheim;2686957.152;1229114.527;de
191719582;0;ZG;1705;Neuheim;Baarerstrasse;2.1;6345;0;Neuheim;2685237.6;1228586.26;de
191719583;0;ZG;1705;Neuheim;Baarburgstrasse;40.3;6345;0;Neuheim;2685336.1;1227903.33;de
191719592;0;ZG;1705;Neuheim;Rietlistrasse;;6345;0;Neuheim;2686829.88;1228801.878;de
191719597;0;ZG;1705;Neuheim;Rietlistrasse;;6345;0;Neuheim;2686816.946;1228779.296;de
191719600;0;ZG;1705;Neuheim;Edlibachstrasse;;6345;0;Neuheim;2685880.717;1227782.139;de
191719602;0;ZG;1705;Neuheim;Hof;2.2;6345;0;Neuheim;2687581.5;1228296.24;de
191719604;0;ZG;1705;Neuheim;Wies;1.6;6345;0;Neuheim;2687840.12;1227459.76;de
191719778;0;ZG;1705;Neuheim;Meiacher;1.2;6345;0;Neuheim;2686027.84;1229161.31;de
191719779;0;ZG;1705;Neuheim;Im Rietli;;6345;0;Neuheim;2686765.461;1228716.531;de
191719781;0;ZG;1705;Neuheim;Erlenbach;1.3;6345;0;Neuheim;2687338.93;1227160.59;de
191719782;0;ZG;1705;Neuheim;Dorfplatz;;6345;0;Neuheim;2686145.75;1228908.322;de
191719783;0;ZG;1705;Neuheim;Dorfplatz;;6345;0;Neuheim;2686121.31;1228911.381;de
191719788;0;ZG;1705;Neuheim;Neublachen;;6345;0;Neuheim;2688228.646;1227286.399;de
191719790;0;ZG;1705;Neuheim;Neublachen;;6345;0;Neuheim;2688220.073;1227257.821;de
191719805;0;ZG;1705;Neuheim;Aeschegg;;6345;0;Neuheim;2687064.947;1227491.692;de
191719806;0;ZG;1705;Neuheim;Oberdorf;;6345;0;Neuheim;2685969.928;1228874.981;de
191719808;0;ZG;1705;Neuheim;Oberdorf;;6345;0;Neuheim;2685941.605;1228916.103;de
191719810;0;ZG;1705;Neuheim;Oberdorf;;6345;0;Neuheim;2685955.356;1228891.866;de
191719816;0;ZG;1705;Neuheim;Edlibachstrasse;61.1;6345;0;Neuheim;2685940.1;1227785.79;de
191719818;0;ZG;1705;Neuheim;Dorfstrasse;8.1;6345;0;Neuheim;2686078.98;1228769.58;de
191719819;0;ZG;1705;Neuheim;Dorfstrasse;8.2;6345;0;Neuheim;2686042.66;1228785.99;de
191719825;0;ZG;1705;Neuheim;Blatt;1.1;6345;0;Neuheim;2685999.89;1227992.95;de
191719826;0;ZG;1705;Neuheim;Blatt;1.2;6345;0;Neuheim;2686171.45;1228122.65;de
191719827;0;ZG;1705;Neuheim;Blatt;1.3;6345;0;Neuheim;2686060.02;1228045.68;de
191719829;0;ZG;1705;Neuheim;Blatt;1.5;6345;0;Neuheim;2686190.39;1228134.22;de
191719833;0;ZG;1705;Neuheim;Blatt;1.7;6345;0;Neuheim;2686057.14;1228034.49;de
191719839;0;ZG;1705;Neuheim;Burgweid;3.1;6345;0;Neuheim;2686269.71;1227596.33;de
191719841;0;ZG;1705;Neuheim;Burgweid;3.3;6345;0;Neuheim;2686311.87;1227611.88;de
191719843;0;ZG;1705;Neuheim;Hafnerhof;1.2;6345;0;Neuheim;2685856.42;1227931.24;de
191719845;0;ZG;1705;Neuheim;Hafnerhof;1.1;6345;0;Neuheim;2685856.42;1227931.24;de
191719846;0;ZG;1705;Neuheim;Hinterburg;1.1;6345;0;Neuheim;2685675.23;1228083.63;de
191719847;0;ZG;1705;Neuheim;Hinterburg;1.2;6345;0;Neuheim;2685708.76;1228079.14;de
191719849;0;ZG;1705;Neuheim;Hinterburg;1.3;6345;0;Neuheim;2685855.2;1228145.4;de
191719850;0;ZG;1705;Neuheim;Hinterburg;1.4;6345;0;Neuheim;2685717.29;1228119.47;de
191719851;0;ZG;1705;Neuheim;Hinterburgstrasse;32.1;6345;0;Neuheim;2685713.93;1228022.59;de
191719854;0;ZG;1705;Neuheim;Hinterburgstrasse;32;6345;0;Neuheim;2685574.57;1228072.54;de
191719856;0;ZG;1705;Neuheim;Hinterburgstrasse;32.2;6345;0;Neuheim;2685711.67;1228034.94;de
191719862;0;ZG;1705;Neuheim;Hegglihof;1.1;6345;0;Neuheim;2685646.72;1227681.49;de
191719863;0;ZG;1705;Neuheim;Hegglihof;1.2;6345;0;Neuheim;2685747.09;1227740.9;de
191719864;0;ZG;1705;Neuheim;Hegglihof;1.3;6345;0;Neuheim;2685669.91;1227673.52;de
191719865;0;ZG;1705;Neuheim;Feld;1.1;6345;0;Neuheim;2685495.04;1227486.96;de
191719866;0;ZG;1705;Neuheim;Feld;1.2;6345;0;Neuheim;2685529.96;1227497.03;de
191719867;0;ZG;1705;Neuheim;Feld;1.3;6345;0;Neuheim;2685524.07;1227484.35;de
191719869;0;ZG;1705;Neuheim;Feld;1.5;6345;0;Neuheim;2685484.1;1227463.92;de
191719870;0;ZG;1705;Neuheim;Baarburgstrasse;40.1;6345;0;Neuheim;2685302.27;1227928.1;de
191719871;0;ZG;1705;Neuheim;Baarburgstrasse;40.2;6345;0;Neuheim;2685304.23;1227882.77;de
191719872;0;ZG;1705;Neuheim;Baarburgstrasse;30.1;6345;0;Neuheim;2685275.88;1228114.44;de
191719873;0;ZG;1705;Neuheim;Baarburgstrasse;30.2;6345;0;Neuheim;2685293.1;1228083.7;de
191719874;0;ZG;1705;Neuheim;Baarburgstrasse;30.3;6345;0;Neuheim;2685392.92;1228046.96;de
191719894;0;ZG;1705;Neuheim;Baarburgstrasse;20.2;6345;0;Neuheim;2685170.42;1228443.28;de
191719895;0;ZG;1705;Neuheim;Baarburgstrasse;20.4;6345;0;Neuheim;2685189.59;1228396.19;de
191719896;0;ZG;1705;Neuheim;Baarburgstrasse;20.5;6345;0;Neuheim;2685141.41;1228433.62;de
191719897;0;ZG;1705;Neuheim;Tal;1.1;6345;0;Neuheim;2686885.69;1229193.94;de
191719899;0;ZG;1705;Neuheim;Tal;1.2;6345;0;Neuheim;2687106.33;1229666.8;de
191719900;0;ZG;1705;Neuheim;Tal;1.3;6345;0;Neuheim;2686881.353;1229165.727;de
191719901;0;ZG;1705;Neuheim;Tal;1.4;6345;0;Neuheim;2686903.074;1229204.495;de
191719902;0;ZG;1705;Neuheim;Tal;1.5;6345;0;Neuheim;2686890.778;1229229.451;de
191719903;0;ZG;1705;Neuheim;Talmühle;1.1;6345;0;Neuheim;2686930.58;1229172.82;de
191719904;0;ZG;1705;Neuheim;Meiacher;1.1;6345;0;Neuheim;2686000.03;1229173.75;de
191719905;0;ZG;1705;Neuheim;Meiacher;1.3;6345;0;Neuheim;2686020.45;1229143.02;de
191719908;0;ZG;1705;Neuheim;Meiacher;;6345;0;Neuheim;2685910.726;1229278.103;de
191719909;0;ZG;1705;Neuheim;Hinterweidli;;6345;0;Neuheim;2686773.894;1229301.765;de
191719910;0;ZG;1705;Neuheim;Sennweid;1.1;6345;0;Neuheim;2687519.92;1229397.98;de
191719911;0;ZG;1705;Neuheim;Sennweid;1.2;6345;0;Neuheim;2687500.7;1229410.64;de
191719913;0;ZG;1705;Neuheim;Hofmatt;1.1;6345;0;Neuheim;2687899.96;1228046.24;de
191719914;0;ZG;1705;Neuheim;Hofmatt;1.2;6345;0;Neuheim;2687844.12;1228064.27;de
191719915;0;ZG;1705;Neuheim;Hofmatt;;6345;0;Neuheim;2687892.302;1228032.522;de
191719916;0;ZG;1705;Neuheim;Rietlistrasse;12.1;6345;0;Neuheim;2686854.77;1228847.44;de
191719917;0;ZG;1705;Neuheim;Fürtlen;;6345;0;Neuheim;2686139.626;1228582.465;de
191719918;0;ZG;1705;Neuheim;Winzenbachstrasse;2.1;6345;0;Neuheim;2686698.24;1228619.7;de
191719920;0;ZG;1705;Neuheim;Im Rietli;;6345;0;Neuheim;2686677.835;1228625.716;de
191719921;0;ZG;1705;Neuheim;Im Rietli;;6345;0;Neuheim;2686730.258;1228647.852;de
191719922;0;ZG;1705;Neuheim;Stöck;1.1;6345;0;Neuheim;2687136.51;1228681.99;de
191719923;0;ZG;1705;Neuheim;Chnödli;1.2;6345;0;Neuheim;2687268.5;1228595.38;de
191719924;0;ZG;1705;Neuheim;Chnödli;1.1;6345;0;Neuheim;2687282.21;1228578.57;de
191719926;0;ZG;1705;Neuheim;Hof;;6345;0;Neuheim;2687581.288;1228098.483;de
191719928;0;ZG;1705;Neuheim;Hof;;6345;0;Neuheim;2687608;1228279;de
191719929;0;ZG;1705;Neuheim;Hof;;6345;0;Neuheim;2687557.917;1228103.02;de
191720111;0;ZG;1705;Neuheim;Hinterberg;2;6345;0;Neuheim;2688219.445;1228248.042;de
191720112;0;ZG;1705;Neuheim;Hinterberg;2;6345;0;Neuheim;2688160.277;1228403.713;de
191720116;0;ZG;1705;Neuheim;Hinterberg;2;6345;0;Neuheim;2688300.806;1228309.681;de
191720117;0;ZG;1705;Neuheim;Oberblachen;;6345;0;Neuheim;2688039.437;1227495.664;de
191720119;0;ZG;1705;Neuheim;Oberblachen;;6345;0;Neuheim;2688425.77;1227678.992;de
191720120;0;ZG;1705;Neuheim;Oberblachen;;6345;0;Neuheim;2688045.519;1227478.967;de
191720121;0;ZG;1705;Neuheim;Oelegg;1.1;6345;0;Neuheim;2688208.08;1227822.77;de
191720122;0;ZG;1705;Neuheim;Oelegg;1.2;6345;0;Neuheim;2688199.92;1227843.42;de
191720123;0;ZG;1705;Neuheim;Oelegg;1.3;6345;0;Neuheim;2688156.5;1227844.87;de
191720124;0;ZG;1705;Neuheim;Oelegg;1.4;6345;0;Neuheim;2688406.02;1227895.41;de
191720125;0;ZG;1705;Neuheim;Oelegg;1.5;6345;0;Neuheim;2688188.43;1227829.04;de
191720126;0;ZG;1705;Neuheim;Oelegg;1.6;6345;0;Neuheim;2688592.33;1227951.47;de
191720128;0;ZG;1705;Neuheim;Unterblachen;1.1;6345;0;Neuheim;2688233;1227533.64;de
191720130;0;ZG;1705;Neuheim;Unterblachen;1.2;6345;0;Neuheim;2688114.641;1227489.146;de
191720131;0;ZG;1705;Neuheim;Unterblachen;1.3;6345;0;Neuheim;2688208.52;1227536.26;de
191720133;0;ZG;1705;Neuheim;Wies;1.4;6345;0;Neuheim;2687717.79;1227466.13;de
191720134;0;ZG;1705;Neuheim;Wies;1.3;6345;0;Neuheim;2687792.02;1227453.03;de
191720136;0;ZG;1705;Neuheim;Wies;1.1;6345;0;Neuheim;2687832.25;1227463.91;de
191720138;0;ZG;1705;Neuheim;Wies;1.2;6345;0;Neuheim;2687760.72;1227457.58;de
191720139;0;ZG;1705;Neuheim;Wies;1.5;6345;0;Neuheim;2687737.27;1227501.09;de
191720141;0;ZG;1705;Neuheim;Hinterbüel;1.1;6345;0;Neuheim;2687635.2;1227585.83;de
191720142;0;ZG;1705;Neuheim;Hinterbüel;1.2;6345;0;Neuheim;2687661.25;1227578;de
191720144;0;ZG;1705;Neuheim;Hinterbüel;1.3;6345;0;Neuheim;2687612.82;1227577.07;de
191720146;0;ZG;1705;Neuheim;Erlenbach;1.1;6345;0;Neuheim;2687388.99;1227146.36;de
191720148;0;ZG;1705;Neuheim;Erlenbach;1.2;6345;0;Neuheim;2687333.6;1227139.07;de
191720155;0;ZG;1705;Neuheim;Erlenbach;1.4;6345;0;Neuheim;2687438.97;1227148.99;de
191720156;0;ZG;1705;Neuheim;Erlenbach;1.5;6345;0;Neuheim;2687393.49;1227116.59;de
191720157;0;ZG;1705;Neuheim;Winzenbach;1.1;6345;0;Neuheim;2687356.48;1227753.3;de
191720158;0;ZG;1705;Neuheim;Winzenbach;1.3;6345;0;Neuheim;2687360.29;1227782.47;de
191720159;0;ZG;1705;Neuheim;Winzenbach;3.1;6345;0;Neuheim;2687263.53;1227911.85;de
191720160;0;ZG;1705;Neuheim;Winzenbach;3.2;6345;0;Neuheim;2687307.08;1227912.22;de
191720161;0;ZG;1705;Neuheim;Winzenbach;3.3;6345;0;Neuheim;2687470.23;1227981.85;de
191720162;0;ZG;1705;Neuheim;Schwellbüel;1.2;6345;0;Neuheim;2686948.49;1227821.25;de
191720166;0;ZG;1705;Neuheim;Schwellbüel;1.3;6345;0;Neuheim;2687073.72;1227801.21;de
191720167;0;ZG;1705;Neuheim;Schwellbüel;1.4;6345;0;Neuheim;2686925.267;1227859.725;de
191720169;0;ZG;1705;Neuheim;Rütiweid;1.1;6345;0;Neuheim;2686502.68;1228369.3;de
191720175;0;ZG;1705;Neuheim;Hintersennweid;1.1;6345;0;Neuheim;2687648.94;1229186.05;de
191720176;0;ZG;1705;Neuheim;Hintersennweid;2.1;6345;0;Neuheim;2687627.22;1229234.61;de
191720178;0;ZG;1705;Neuheim;Höllgrotten;;6340;0;Baar;2684962.754;1227068.18;de
191720179;0;ZG;1705;Neuheim;Höllgrotten;;6340;0;Baar;2684971.237;1227090.175;de
191720180;0;ZG;1705;Neuheim;Höllgrotten;;6340;0;Baar;2685014.492;1227069.255;de
191720181;0;ZG;1705;Neuheim;Höllgrotten;;6340;0;Baar;2684801.572;1226849.355;de
191720184;0;ZG;1705;Neuheim;Höllgrotten;;6340;0;Baar;2684904.352;1227107.919;de
191720200;0;ZG;1705;Neuheim;Baarerstrasse;3.1;6345;0;Neuheim;2685336.99;1228362.33;de
191720201;0;ZG;1705;Neuheim;Baarerstrasse;3.2;6345;0;Neuheim;2685299.6;1228431.16;de
191720203;0;ZG;1705;Neuheim;Höllgrotten;;6340;0;Baar;2684888.685;1226844.616;de
191720204;0;ZG;1705;Neuheim;Neuhus;;6345;0;Neuheim;2686214.862;1229410.502;de
191720211;0;ZG;1705;Neuheim;Neuhus;;6345;0;Neuheim;2686278.933;1229421.668;de
191720212;0;ZG;1705;Neuheim;Neutal;1;6345;0;Neuheim;2687067.004;1229270.289;de
191720213;0;ZG;1705;Neuheim;Neutal;1;6345;0;Neuheim;2687116.955;1229294.189;de
191720214;0;ZG;1705;Neuheim;Sarbachstrasse;12.1;6345;0;Neuheim;2686652.94;1228650.31;de
191720216;0;ZG;1705;Neuheim;Sonnegg;;6313;0;Menzingen;2688566.052;1228036.678;de
191720221;0;ZG;1705;Neuheim;Hinterburg;;6345;0;Neuheim;2685774.542;1227254.304;de
191720237;0;ZG;1705;Neuheim;Büel;1.1;6345;0;Neuheim;2686479.46;1228473.62;de
191720244;0;ZG;1705;Neuheim;Rossmatt;1.1;6340;4;Sihlbrugg;2686514.08;1230182.83;de
191720245;0;ZG;1705;Neuheim;Rossmatt;1.2;6340;4;Sihlbrugg;2686598.33;1230158.49;de
191720263;0;ZG;1705;Neuheim;Rütiweid;;6345;0;Neuheim;2686416.743;1228388.674;de
191720267;0;ZG;1705;Neuheim;Höllgrotten;;6340;0;Baar;2685073.828;1227063.634;de
191720269;0;ZG;1705;Neuheim;Im Rietli;;6345;0;Neuheim;2687050.16;1228845.59;de
191720271;0;ZG;1705;Neuheim;Im Rietli;;6345;0;Neuheim;2686911.79;1228943.23;de
191720273;0;ZG;1705;Neuheim;Im Rietli;;6345;0;Neuheim;2686951.37;1229025.682;de
191720275;0;ZG;1705;Neuheim;Im Rietli;;6345;0;Neuheim;2686935.528;1228927.172;de
191720276;0;ZG;1705;Neuheim;Im Rietli;;6345;0;Neuheim;2686930.73;1228904.06;de
191720279;0;ZG;1705;Neuheim;Im Rietli;;6345;0;Neuheim;2686868.85;1228924.59;de
191720281;0;ZG;1705;Neuheim;Im Rietli;;6345;0;Neuheim;2687048.64;1228827.06;de
191720283;0;ZG;1705;Neuheim;Im Rietli;;6345;0;Neuheim;2686950.98;1228964.21;de
191720286;0;ZG;1705;Neuheim;Im Rietli;;6345;0;Neuheim;2687156.02;1228933.86;de
191720289;0;ZG;1705;Neuheim;Im Rietli;;6345;0;Neuheim;2686908.43;1228994.32;de
191720291;0;ZG;1705;Neuheim;Im Rietli;;6345;0;Neuheim;2686875.33;1228946.32;de
191720292;0;ZG;1705;Neuheim;Rietlistrasse;;6345;0;Neuheim;2686885.31;1228785.61;de
191720299;0;ZG;1705;Neuheim;Industriestrasse;15;6345;0;Neuheim;2686447.899;1228685.559;de
191720302;0;ZG;1705;Neuheim;Industriestrasse;15.2;6345;0;Neuheim;2686504.29;1228686.79;de
191720304;0;ZG;1705;Neuheim;Industriestrasse;15.3;6345;0;Neuheim;2686525.75;1228725.59;de
191720347;0;ZG;1705;Neuheim;Edlibachstrasse;;6345;0;Neuheim;2686048.843;1228261.975;de
191720348;0;ZG;1705;Neuheim;Winzenbach;;6345;0;Neuheim;2686978.484;1228026.128;de
191720356;0;ZG;1705;Neuheim;Lindenweg;;6345;0;Neuheim;2685987.502;1228841.581;de
191720357;0;ZG;1705;Neuheim;Lindenweg;;6345;0;Neuheim;2685976.962;1228836.167;de
191720358;0;ZG;1705;Neuheim;Sarbachstrasse;1;6345;0;Neuheim;2686640.64;1228760.28;de
191720388;0;ZG;1705;Neuheim;Windenweg;;6345;0;Neuheim;2686354.769;1228983.231;de
191720390;0;ZG;1705;Neuheim;Blattmatt;;6345;0;Neuheim;2685939.081;1228192.307;de
191720393;0;ZG;1705;Neuheim;Birkenstrasse;4.1;6345;0;Neuheim;2686368.41;1228944.56;de
191720413;0;ZG;1705;Neuheim;Brandweid;1.1;6345;0;Neuheim;2687755.51;1227278.94;de
191720416;0;ZG;1705;Neuheim;Industriestrasse;;6345;0;Neuheim;2686499.007;1228686.023;de
191720417;0;ZG;1705;Neuheim;Mattweg;;6345;0;Neuheim;2686080.366;1229033.058;de
191720418;0;ZG;1705;Neuheim;Rainstrasse;;6345;0;Neuheim;2686444.754;1228867.763;de
191720463;0;ZG;1705;Neuheim;Sihlbruggstrasse;;6345;0;Neuheim;2686852.982;1228927.034;de
191720465;0;ZG;1705;Neuheim;Höllgrotten;;6340;0;Baar;2684866.377;1227066.295;de
191720467;0;ZG;1705;Neuheim;Industriestrasse;;6345;0;Neuheim;2686265.003;1228574.984;de
191720468;0;ZG;1705;Neuheim;Rietlistrasse;1;6345;0;Neuheim;2686674.422;1228784.249;de
191720478;0;ZG;1705;Neuheim;Rietlistrasse;;6345;0;Neuheim;2686666.886;1228744.494;de
191720480;0;ZG;1705;Neuheim;Im Flieder;1.1;6345;0;Neuheim;2685751.06;1229107.84;de
191720482;0;ZG;1705;Neuheim;Im Flieder;1.2;6345;0;Neuheim;2685716.92;1229124.04;de
191720484;0;ZG;1705;Neuheim;Lindenweg;;6345;0;Neuheim;2685989.306;1228830.203;de
191720546;0;ZG;1705;Neuheim;Büel;;6345;0;Neuheim;2686235.81;1228452.1;de
191720551;0;ZG;1705;Neuheim;Baarerstrasse;;6345;0;Neuheim;2685623.568;1228036.656;de
191720554;0;ZG;1705;Neuheim;Maiackerstrasse;14;6345;0;Neuheim;2686100.911;1228975.95;de
191720561;0;ZG;1705;Neuheim;Feld;;6345;0;Neuheim;2685263.96;1227212.03;de
191720562;0;ZG;1705;Neuheim;Maiackerstrasse;16;6345;0;Neuheim;2686103.958;1228999.093;de
191720565;0;ZG;1705;Neuheim;Neuhofstrasse;78b;6345;0;Neuheim;2685814.262;1228409.669;de
191720567;0;ZG;1705;Neuheim;Chilemattweg;7.1;6345;0;Neuheim;2686222.72;1228992.35;de
191720568;0;ZG;1705;Neuheim;Hof;2.1;6345;0;Neuheim;2687582.27;1228274.98;de
191720861;0;ZG;1705;Neuheim;Lindenweg;3;6345;0;Neuheim;2686010.694;1228871.175;de
191722231;0;ZG;1705;Neuheim;Sarbachstrasse;6;6345;0;Neuheim;2686615.156;1228728.279;de
191723127;0;ZG;1705;Neuheim;Maiackerstrasse;18;6345;0;Neuheim;2686088.073;1229104.618;de
191743576;0;ZG;1705;Neuheim;Lindenweg;12;6345;0;Neuheim;2685959.93;1229022.15;de
191744924;0;ZG;1705;Neuheim;Lindenweg;2;6345;0;Neuheim;2686024.595;1228865.199;de
314998;1;ZG;1705;Neuheim;Baarerstrasse;3b;6345;0;Neuheim;2685327.347;1228400.792;de
315018;1;ZG;1705;Neuheim;Im Blatt A;2;6345;0;Neuheim;2686104.724;1228295.977;de
315024;1;ZG;1705;Neuheim;Im Blatt B;2;6345;0;Neuheim;2686103.577;1228278.754;de
315032;1;ZG;1705;Neuheim;Im Blatt C;2;6345;0;Neuheim;2686093.491;1228243.874;de
315040;1;ZG;1705;Neuheim;Im Blatt D;2;6345;0;Neuheim;2686089.888;1228225.132;de
315048;1;ZG;1705;Neuheim;Im Blatt E;2;6345;0;Neuheim;2686081.962;1228190.748;de
315056;1;ZG;1705;Neuheim;Im Blatt F;2;6345;0;Neuheim;2686075.188;1228172.511;de
191560515;1;ZG;1705;Neuheim;Sihlbruggstrasse;3;6345;0;Neuheim;2686028.822;1228355.157;de
315018;2;ZG;1705;Neuheim;Im Blatt A;3;6345;0;Neuheim;2686109.844;1228294.031;de
315024;2;ZG;1705;Neuheim;Im Blatt B;3;6345;0;Neuheim;2686108.695;1228277.023;de
315032;2;ZG;1705;Neuheim;Im Blatt C;3;6345;0;Neuheim;2686098.682;1228242.648;de
315040;2;ZG;1705;Neuheim;Im Blatt D;3;6345;0;Neuheim;2686095.15;1228224.556;de
315048;2;ZG;1705;Neuheim;Im Blatt E;3;6345;0;Neuheim;2686087.368;1228190.027;de
315056;2;ZG;1705;Neuheim;Im Blatt F;3;6345;0;Neuheim;2686080.521;1228172.51;de
315018;3;ZG;1705;Neuheim;Im Blatt A;4;6345;0;Neuheim;2686114.891;1228292.301;de
315024;3;ZG;1705;Neuheim;Im Blatt B;4;6345;0;Neuheim;2686113.886;1228275.294;de
315032;3;ZG;1705;Neuheim;Im Blatt C;4;6345;0;Neuheim;2686103.942;1228241.423;de
315040;3;ZG;1705;Neuheim;Im Blatt D;4;6345;0;Neuheim;2686100.555;1228223.765;de
315048;3;ZG;1705;Neuheim;Im Blatt E;4;6345;0;Neuheim;2686092.844;1228189.596;de
315056;3;ZG;1705;Neuheim;Im Blatt F;4;6345;0;Neuheim;2686085.848;1228172.379;de
315018;4;ZG;1705;Neuheim;Im Blatt A;5;6345;0;Neuheim;2686119.938;1228290.355;de
315024;4;ZG;1705;Neuheim;Im Blatt B;5;6345;0;Neuheim;2686119.077;1228273.78;de
315032;4;ZG;1705;Neuheim;Im Blatt C;5;6345;0;Neuheim;2686109.276;1228240.343;de
315040;4;ZG;1705;Neuheim;Im Blatt D;5;6345;0;Neuheim;2686105.887;1228223.19;de
315048;4;ZG;1705;Neuheim;Im Blatt E;5;6345;0;Neuheim;2686098.178;1228189.236;de
315056;4;ZG;1705;Neuheim;Im Blatt F;5;6345;0;Neuheim;2686091.476;1228172.367;de
315018;5;ZG;1705;Neuheim;Im Blatt A;6;6345;0;Neuheim;2686125.057;1228288.409;de
315024;5;ZG;1705;Neuheim;Im Blatt B;6;6345;0;Neuheim;2686124.339;1228272.195;de
315032;5;ZG;1705;Neuheim;Im Blatt C;6;6345;0;Neuheim;2686114.537;1228239.191;de
315040;5;ZG;1705;Neuheim;Im Blatt D;6;6345;0;Neuheim;2686111.293;1228222.326;de
315048;5;ZG;1705;Neuheim;Im Blatt E;6;6345;0;Neuheim;2686103.583;1228188.661;de
315056;5;ZG;1705;Neuheim;Im Blatt F;6;6345;0;Neuheim;2686096.954;1228172.295;de
315018;6;ZG;1705;Neuheim;Im Blatt A;7;6345;0;Neuheim;2686130.175;1228286.536;de
315024;6;ZG;1705;Neuheim;Im Blatt B;7;6345;0;Neuheim;2686129.386;1228270.754;de
315032;6;ZG;1705;Neuheim;Im Blatt C;7;6345;0;Neuheim;2686119.726;1228237.967;de
315040;6;ZG;1705;Neuheim;Im Blatt D;7;6345;0;Neuheim;2686116.626;1228221.678;de
315048;6;ZG;1705;Neuheim;Im Blatt E;7;6345;0;Neuheim;2686108.845;1228188.085;de
315056;6;ZG;1705;Neuheim;Im Blatt F;7;6345;0;Neuheim;2686102.288;1228172.008;de
315018;7;ZG;1705;Neuheim;Im Blatt A;8;6345;0;Neuheim;2686132.771;1228285.599;de
315024;7;ZG;1705;Neuheim;Im Blatt B;8;6345;0;Neuheim;2686132.269;1228270.034;de
315032;7;ZG;1705;Neuheim;Im Blatt C;8;6345;0;Neuheim;2686122.609;1228237.462;de
315040;7;ZG;1705;Neuheim;Im Blatt D;8;6345;0;Neuheim;2686119.581;1228221.246;de
315048;7;ZG;1705;Neuheim;Im Blatt E;8;6345;0;Neuheim;2686112.088;1228187.942;de
315056;7;ZG;1705;Neuheim;Im Blatt F;8;6345;0;Neuheim;2686105.09;1228172.186;de
